id,date,open,high,low,close,adjusted_close,volume
0,2025-07-15,71.56,74.31,71.54,72.96,72.9600,20327486
1,2025-07-11,76.21,76.83,70.79,71.36,71.3600,49692663
2,2025-07-03,73.94,77.36,73.66,76.59,76.5900,30996671
3,2025-06-27,71.0,74.2499,70.16,73.64,73.6400,49485967
4,2025-06-20,71.63,72.485,67.52,70.05,70.0500,53495412
5,2025-06-13,73.7,75.3068,70.5307,70.83,70.8300,48772358
6,2025-06-06,69.275,73.62,69.05,73.43,73.4300,36113142
7,2025-05-30,70.75,72.4492,69.52,70.28,70.2800,37059086
8,2025-05-23,71.16,73.2042,69.41,69.85,69.8500,38067063
9,2025-05-16,72.97,74.15,71.08,72.18,72.1800,45147604
10,2025-05-09,66.96,71.32,66.91,70.26,70.2600,47028219
11,2025-05-02,65.305,67.76,63.54,67.24,67.2400,64406595
12,2025-04-25,60.24,65.42,59.455,65.34,65.3400,46153427
13,2025-04-17,63.7,63.9,59.72,61.0,61.0000,36995578
14,2025-04-11,56.74,64.17,55.85,62.59,62.5900,86616249
15,2025-04-04,64.28,67.57,57.32,58.37,58.3700,68290504
16,2025-03-28,71.55,71.71,64.95,65.15,65.1500,48474975
17,2025-03-21,68.67,70.81,67.98,70.19,70.1900,44425881
18,2025-03-14,69.02,69.97,66.7,68.95,68.9500,57806606
19,2025-03-07,71.1,71.57,66.34,70.48,70.4800,78013138
20,2025-02-28,75.245,77.5683,69.682,71.05,71.0500,74079732
21,2025-02-21,78.2,79.0,74.75,74.95,74.9500,44854496
22,2025-02-14,78.16,78.92,75.3,77.97,77.9700,59830672
23,2025-02-07,86.5,89.71,77.23,77.31,77.3100,121700707
24,2025-01-31,87.545,90.925,86.88,88.58,88.5800,36871690
25,2025-01-24,92.21,92.21,88.24,89.11,89.1100,33520366
26,2025-01-17,82.19,93.245,81.79,91.81,91.8100,48700957
27,2025-01-10,88.02,90.09,82.24,83.36,83.3600,32691226
28,2025-01-03,85.69,87.7,84.66,87.6,87.6000,22752444
29,2024-12-27,86.47,88.73,85.97,86.86,86.8600,18836638
30,2024-12-20,90.79,92.0,84.5,87.13,87.1300,59956889
31,2024-12-13,92.25,93.66,87.84,91.02,91.0200,37138049
32,2024-12-06,86.55,90.27,84.615,89.88,89.8800,46980370
33,2024-11-29,87.99,88.74,85.82,86.77,86.7700,28556321
34,2024-11-22,86.055,86.84,82.5,86.77,86.7700,42707693
35,2024-11-15,84.07,87.92,83.38,85.83,85.8300,51304281
36,2024-11-08,77.26,83.07,77.0,83.01,83.0100,44515969
37,2024-11-01,82.03,83.7,76.46,77.25,77.2500,95753254
38,2024-10-25,80.315,82.8,80.04,81.7,81.7000,37253448
39,2024-10-18,80.34,81.06,78.65,80.94,80.9400,36090156
40,2024-10-11,79.29,82.0,78.53,80.51,80.5100,43821917
41,2024-10-04,77.87,79.53,76.04,79.36,79.3600,44740729
42,2024-09-27,77.53,80.6299,77.34,77.88,77.8800,66278980
43,2024-09-20,70.46,78.245,70.0699,76.76,76.7600,75117397
44,2024-09-13,70.392,70.65,67.15,70.1,70.1000,52480969
45,2024-09-06,71.755,74.4,68.55,68.89,68.8900,40700476
46,2024-08-30,72.07,73.93,70.025,72.43,72.4300,50554103
47,2024-08-23,68.22,73.25,68.17,71.7,71.7000,63612876
48,2024-08-16,64.95,68.55,63.285,67.96,67.9600,47597903
49,2024-08-09,60.7,65.5,58.65,64.72,64.7200,63635161
50,2024-08-02,58.5,67.3,58.07,61.98,61.9800,124608974
51,2024-07-26,59.9,60.95,56.97,58.29,58.2900,50702421
52,2024-07-19,60.25,62.02,58.75,59.33,59.3300,45418902
53,2024-07-12,59.72,60.93,58.2,60.27,60.2700,47742998
54,2024-07-05,58.36,60.16,57.03,59.76,59.7600,44621195
55,2024-06-28,60.0,60.56,57.21,58.03,58.0300,72174200
56,2024-06-21,60.37,60.76,58.79,60.61,60.6100,58875580
57,2024-06-14,66.97,67.49,60.31,60.635,60.6350,63576417
58,2024-06-07,63.04,68.2985,62.58,67.3,67.3000,62195732
59,2024-05-31,62.3,63.56,60.85,62.99,62.9900,45446122
60,2024-05-24,64.528,65.035,61.2201,61.64,61.6400,46247494
61,2024-05-17,63.435,65.53,63.19,64.48,64.4800,42159075
62,2024-05-10,66.0,66.77,62.88,62.93,62.9300,48788022
63,2024-05-03,66.0,70.6618,64.72,65.7,65.7000,110928039
64,2024-04-26,63.04,66.3,62.48,65.96,65.9600,53972432
65,2024-04-19,65.06,65.47,61.725,62.31,62.3100,51340101
66,2024-04-12,65.53,67.26,64.16,64.59,64.5900,44059895
67,2024-04-05,67.0,67.361,63.55,65.15,65.1500,44410887
68,2024-03-28,64.8,68.21,64.8,66.99,66.9900,46417747
69,2024-03-22,63.12,67.25,62.8,64.77,64.7700,60180824
70,2024-03-15,59.0,64.2,58.945,62.85,62.8500,82595793
71,2024-03-08,60.41,60.83,57.87,59.01,59.0100,90100653
72,2024-03-01,58.93,61.8657,58.71,60.54,60.5400,67092548
73,2024-02-23,58.23,59.4301,57.145,59.16,59.1600,56473776
74,2024-02-16,58.61,60.615,57.63,59.14,59.1400,83345929
75,2024-02-09,62.0,64.9,55.77,58.91,58.9100,160693088
76,2024-02-02,61.2,64.5,60.6423,62.42,62.4200,78391325
77,2024-01-26,68.022,68.21,58.9,61.78,61.7800,147250997
78,2024-01-19,60.05,66.21,56.471,65.82,65.8200,114038571
79,2024-01-12,60.4,62.02,60.06,61.0,61.0000,60462905
80,2024-01-05,61.22,62.1599,57.44,60.12,60.1200,70562231
81,2023-12-29,61.95,63.5,61.15,61.41,61.4100,49063157
82,2023-12-22,61.42,63.965,60.855,61.84,61.8400,76310347
83,2023-12-15,59.1,64.13,58.135,61.26,61.2600,97014596
84,2023-12-08,59.43,60.46,57.32,58.94,58.9400,93705444
85,2023-12-01,56.0,60.2,55.71,59.65,59.6500,95875142
86,2023-11-24,56.54,57.235,55.275,55.76,55.7600,43448721
87,2023-11-17,54.44,58.555,53.98,56.54,56.5400,68753077
88,2023-11-10,56.65,56.72,53.55,54.77,54.7700,73057601
89,2023-11-03,50.95,56.27,50.575,56.1,56.1000,105461288
90,2023-10-27,52.92,54.61,50.25,50.39,50.3900,81575652
91,2023-10-20,56.11,57.59,53.34,53.39,53.3900,72388481
92,2023-10-13,56.995,58.89,55.53,55.75,55.7500,64259838
93,2023-10-06,58.62,59.64,55.86,57.77,57.7700,67380819
94,2023-09-29,57.54,59.57,56.53,58.46,58.4600,63714609
95,2023-09-22,63.35,63.515,57.835,57.88,57.8800,64753130
96,2023-09-15,61.73,65.73,61.27,64.21,64.2100,70339135
97,2023-09-08,63.38,64.18,60.31,60.98,60.9800,54446903
98,2023-09-01,61.59,63.65,61.03,63.57,63.5700,59683315
99,2023-08-25,59.46,62.37,58.75,61.19,61.1900,68600274
100,2023-08-18,62.15,63.44,57.29,59.42,59.4200,110916780
101,2023-08-11,63.02,64.75,61.47,61.54,61.5400,80748766
102,2023-08-04,74.9,76.54,62.6585,62.75,62.7500,131554438
103,2023-07-28,73.04,75.055,71.81,73.98,73.9800,50751207
104,2023-07-21,72.52,75.04,71.83,72.99,72.9900,76987193
105,2023-07-14,66.8,72.98,66.69,72.1,72.1000,70867937
106,2023-07-07,67.12,68.9,65.63,66.79,66.7900,52399101
107,2023-06-30,66.87,67.58,65.62,66.73,66.7300,75787436
108,2023-06-23,67.13,69.2,65.85,66.94,66.9400,99846091
109,2023-06-16,63.6,67.15,62.63,66.43,66.4300,111192499
110,2023-06-09,64.07,65.32,62.43,63.49,63.4900,72769652
111,2023-06-02,61.04,64.395,59.55,63.96,63.9600,82214858
112,2023-05-26,60.95,63.3,58.95,60.22,60.2200,96954413
113,2023-05-19,61.75,62.7292,60.4,60.92,60.9200,97308262
114,2023-05-12,75.71,76.38,61.31,61.69,61.6900,194490074
115,2023-05-05,76.03,76.5,71.35,74.97,74.9700,53675273
116,2023-04-28,74.41,76.05,71.03,76.0,76.0000,48889229
117,2023-04-21,76.835,77.95,72.92,74.18,74.1800,42777992
118,2023-04-14,74.46,76.735,73.21,76.53,76.5300,49831752
119,2023-04-06,75.625,75.92,72.28,74.96,74.9600,39198082
120,2023-03-31,74.815,76.03,71.86,75.94,75.9400,46716331
121,2023-03-24,73.0,77.115,71.53,73.88,73.8800,68606862
122,2023-03-17,72.622,75.065,71.0856,72.99,72.9900,75951926
123,2023-03-10,76.94,79.2651,73.1,73.43,73.4300,59278848
124,2023-03-03,74.32,76.32,72.6,76.29,76.2900,42662609
125,2023-02-24,73.71,76.28,72.98,73.55,73.5500,45673765
126,2023-02-17,80.65,80.71,73.59,74.66,74.6600,76529582
127,2023-02-10,83.33,83.8,78.095,80.8,80.8000,104260926
128,2023-02-03,80.87,88.625,79.535,85.52,85.5200,70946397
129,2023-01-27,77.83,82.5348,76.66,81.83,81.8300,57817117
130,2023-01-20,80.14,80.75,75.9001,79.09,79.0900,47080256
131,2023-01-13,77.0,80.3,76.5,79.48,79.4800,52049037
132,2023-01-06,73.69,78.48,73.38,76.48,76.4800,72400539
133,2022-12-30,68.96,71.26,67.2917,71.22,71.2200,42539957
134,2022-12-23,69.06,70.19,66.385,69.03,69.0300,65141054
135,2022-12-16,73.135,77.81,68.45,69.26,69.2600,95396322
136,2022-12-09,74.01,75.86,71.01,73.57,73.5700,82638088
137,2022-12-02,79.93,82.92,74.52,74.66,74.6600,91953810
138,2022-11-25,84.26,84.795,76.05,80.08,80.0800,44728467
139,2022-11-18,90.16,92.62,83.51,84.92,84.9200,63097938
140,2022-11-11,76.53,92.0,76.12,91.03,91.0300,91909138
141,2022-11-04,85.51,86.25,71.168,75.18,75.1800,109444323
142,2022-10-28,84.55,91.34,80.86,86.25,86.2500,70201301
143,2022-10-21,82.705,87.75,82.35,83.94,83.9400,63100628
144,2022-10-14,87.38,87.85,79.3501,80.47,80.4700,75260771
145,2022-10-07,87.53,95.57,85.445,90.17,90.1700,49341223
146,2022-09-30,87.065,91.65,84.13,86.07,86.0700,64904403
147,2022-09-23,93.0,95.64,85.68,86.97,86.9700,66432586
148,2022-09-16,97.28,99.3,91.85,94.0,94.0000,73992408
149,2022-09-09,91.16,97.27,89.811,96.23,96.2300,40854441
150,2022-09-02,91.025,96.3799,89.7937,91.13,91.1300,53511886
151,2022-08-26,94.05,97.455,92.38,92.7,92.7000,53195257
152,2022-08-19,100.72,103.03,95.9,96.56,96.5600,57443748
153,2022-08-12,96.35,101.95,93.61,101.1,101.1000,77754015
154,2022-08-05,87.05,101.9465,85.2701,95.32,95.3200,117578290
155,2022-07-29,80.85,87.62,76.71,86.53,86.5300,79611485
156,2022-07-22,75.118,84.51,73.61,81.05,81.0500,69794311
157,2022-07-15,72.66,74.0,68.51,73.91,73.9100,59185355
158,2022-07-08,70.18,75.4,68.76,73.43,73.4300,44744094
159,2022-07-01,77.99,78.45,67.58,71.4,71.4000,61999286
160,2022-06-24,74.51,78.66,71.3788,77.68,77.6800,75356103
161,2022-06-17,76.03,78.13,70.47,72.9,72.9000,87764692
162,2022-06-10,87.96,89.32,78.25,79.3,79.3000,62927704
163,2022-06-03,84.705,88.61,81.85,86.53,86.5300,55627115
164,2022-05-27,80.44,85.42,77.2,85.21,85.2100,78250114
165,2022-05-20,78.59,83.77,76.1884,80.54,80.5400,80731736
166,2022-05-13,79.89,82.27,71.8312,78.83,78.8300,109882631
167,2022-05-06,87.55,92.85,80.9,81.68,81.6800,95788340
168,2022-04-29,85.325,94.51,82.12,87.93,87.9300,125066335
169,2022-04-22,102.05,104.86,85.98,86.03,86.0300,102752050
170,2022-04-14,109.75,112.74,102.06,102.31,102.3100,65807895
171,2022-04-08,117.06,122.918,110.1,111.21,111.2100,66996889
172,2022-04-01,114.0,122.81,112.36,116.67,116.6700,71265816
173,2022-03-25,117.22,119.35,112.09,113.76,113.7600,76562760
174,2022-03-18,96.045,119.38,94.63,118.77,118.7700,117461834
175,2022-03-11,99.57,100.73,92.25,96.57,96.5700,102316985
176,2022-03-04,110.31,113.535,98.62,99.91,99.9100,102830450
177,2022-02-25,102.15,111.1,94.5,110.94,110.9400,122683899
178,2022-02-18,113.62,116.63,103.03,103.65,103.6500,132862838
179,2022-02-11,126.58,129.42,114.73,115.29,115.2900,145360291
180,2022-02-04,164.44,176.2,121.4,126.08,126.0800,259015599
181,2022-01-28,156.11,165.33,152.08,163.52,163.5200,75455479
182,2022-01-21,176.96,179.88,163.3,163.54,163.5400,60119991
183,2022-01-14,185.75,192.85,175.4,178.42,178.4200,68222520
184,2022-01-07,191.41,196.0998,185.07,187.6,187.6000,67056930
185,2021-12-31,192.39,194.0,187.83,188.58,188.5800,40205528
186,2021-12-23,182.53,192.9561,181.67,192.01,192.0100,40725826
187,2021-12-17,187.5,195.24,181.99,186.2,186.2000,65730792
188,2021-12-10,183.41,197.69,179.2,188.51,188.5100,68968185
189,2021-12-03,188.92,190.35,179.15,183.93,183.9300,98155648
190,2021-11-26,193.62,193.9,184.275,187.79,187.7900,74400701
191,2021-11-19,212.22,215.97,193.0701,193.61,193.6100,101813823
192,2021-11-12,227.96,230.97,200.68,208.3,208.3000,149091064
193,2021-11-05,232.7,233.55,224.6,225.78,225.7800,71481097
194,2021-10-29,254.955,255.52,231.71,232.59,232.5900,83794022
195,2021-10-22,266.39,273.51,239.75,240.4,240.4000,106304631
196,2021-10-15,257.93,269.7209,253.78,268.35,268.3500,28207997
197,2021-10-08,261.8378,268.6933,251.59,260.06,260.0600,27581393
198,2021-10-01,274.78,276.78,256.89,264.65,264.6500,29685993
199,2021-09-24,271.55,279.95,265.68,278.11,278.1100,27023847
200,2021-09-17,286.72,287.19,275.92,276.34,276.3400,24833917
201,2021-09-10,290.41,296.7,283.33,284.32,284.3200,25815587
202,2021-09-03,279.61,292.65,279.08,289.13,289.1300,39046209
203,2021-08-27,275.75,279.8296,273.02,278.33,278.3300,20986081
204,2021-08-20,273.73,279.19,266.6033,272.96,272.9600,27382214
205,2021-08-13,280.22,281.1,272.5,274.91,274.9100,24473174
206,2021-08-06,276.885,282.3699,269.57,279.54,279.5400,38463269
207,2021-07-30,309.66,310.16,274.21,275.53,275.5300,49697743
208,2021-07-23,292.35,309.475,288.81,308.53,308.5300,24435278
209,2021-07-16,302.37,307.82,294.14,294.63,294.6300,26751655
210,2021-07-09,290.035,300.83,289.46,300.21,300.2100,23212661
211,2021-07-02,290.8502,295.18,285.76,290.24,290.2400,23451777
212,2021-06-25,283.2788,296.01,276.725,289.6,289.6000,32081064
213,2021-06-18,271.9,286.38,265.3099,283.38,283.3800,40003926
214,2021-06-11,262.48,271.8999,260.19,271.45,271.4500,23610092
215,2021-06-04,261.08,264.7799,256.15,263.04,263.0400,21704700
216,2021-05-28,254.13,263.15,252.43,260.02,260.0200,29156511
217,2021-05-21,245.15,255.21,235.11,250.69,250.6900,32077435
218,2021-05-14,252.0149,252.41,233.61,246.29,246.2900,40820924
219,2021-05-07,265.06,265.8,245.11,253.36,253.3600,54415341
220,2021-04-30,266.66,275.25,261.6,262.29,262.2900,27412415
221,2021-04-23,267.13,272.58,259.27,266.03,266.0300,28417878
222,2021-04-16,265.39,277.86,262.59,269.87,269.8700,36077144
223,2021-04-09,250.51,266.94,245.7,266.77,266.7700,34316803
224,2021-04-01,241.58,252.6492,232.6301,247.54,247.5400,28376438
225,2021-03-26,242.03,246.95,227.52,241.03,241.0300,34044986
226,2021-03-19,251.4182,254.78,237.13,241.28,241.2800,40662031
227,2021-03-12,239.0,254.92,225.65,250.35,250.3500,51763397
228,2021-03-05,268.895,277.5,223.09,239.05,239.0500,65594162
229,2021-02-26,281.42,285.0,251.42,259.85,259.8500,68914269
230,2021-02-19,306.4,309.14,285.03,286.92,286.9200,42506648
231,2021-02-12,276.88,302.1,274.6235,298.37,298.3700,61290602
232,2021-02-05,238.37,274.94,235.4,269.44,269.4400,60232997
233,2021-01-29,253.8,254.39,225.0,234.31,234.3100,46270780
234,2021-01-22,243.3,254.39,241.0,252.0,252.0000,31377060
235,2021-01-15,238.04,249.85,233.83,239.79,239.7900,31903942
236,2021-01-08,237.8,242.91,225.7021,242.46,242.4600,36283858
237,2020-12-31,243.5,243.5,229.68,234.2,234.2000,26288760
238,2020-12-24,232.62,244.25,232.2013,238.64,238.6400,23972068
239,2020-12-18,215.95,238.1,215.0,236.45,236.4500,46826351
240,2020-12-11,217.39,219.32,206.65,214.06,214.0600,29430665
241,2020-12-04,212.51,220.57,207.09,217.77,217.7700,44476829
242,2020-11-27,194.53,216.07,193.92,211.39,211.3900,45862959
243,2020-11-20,185.19,194.73,183.54,192.67,192.6700,45582104
244,2020-11-13,195.74,196.07,178.6,188.62,188.6200,54406714
245,2020-11-06,189.01,204.92,174.81,202.73,202.7300,85412538
246,2020-10-30,200.66,203.89,182.92,186.13,186.1300,40188737
247,2020-10-23,205.52,215.83,199.1,203.04,203.0400,47724630
248,2020-10-16,199.87,209.02,196.6323,204.45,204.4500,44634891
249,2020-10-09,193.55,197.37,190.88,197.27,197.2700,27839567
250,2020-10-02,190.9996,201.27,188.09,191.91,191.9100,36111678
251,2020-09-25,174.84,188.47,174.08,187.25,187.2500,44468261
252,2020-09-18,186.0,190.45,171.63,176.07,176.0700,48388568
253,2020-09-11,184.7,198.22,180.93,184.0,184.0000,32515344
254,2020-09-04,203.7,212.45,182.85,191.84,191.8400,52127134
255,2020-08-28,200.0,207.0,196.24,204.48,204.4800,27217665
256,2020-08-21,193.92,199.0999,191.51,196.79,196.7900,31291674
257,2020-08-14,198.7,199.85,186.52,191.46,191.4600,40817808
258,2020-08-07,198.25,204.23,195.22,198.63,198.6300,33653281
259,2020-07-31,173.92,198.6599,172.39,196.07,196.0700,56100059
260,2020-07-24,174.65,180.75,169.08,172.56,172.5600,29533908
261,2020-07-17,180.42,180.66,164.33,173.92,173.9200,41562854
262,2020-07-10,180.29,183.99,174.46,178.4,178.4000,35047178
263,2020-07-02,171.48,179.8,165.56,177.21,177.2100,25071534
264,2020-06-26,165.58,175.4,164.29,170.87,170.8700,39228841
265,2020-06-19,152.6404,171.12,152.22,164.36,164.3600,37155883
266,2020-06-12,154.28,160.89,151.89,155.26,155.2600,34721668
267,2020-06-05,154.9,159.4799,150.0,156.0,156.0000,34736180
268,2020-05-29,154.12,155.33,140.02,155.01,155.0100,40029079
269,2020-05-22,148.125,151.08,145.22,150.86,150.8600,35473948
270,2020-05-15,142.96,145.89,139.61,145.51,145.5100,48807650
271,2020-05-08,121.26,147.2,120.31,144.96,144.9600,79604822
272,2020-05-01,121.25,124.03,115.9029,120.61,120.6100,38945637
273,2020-04-24,110.9,120.47,107.41,120.18,120.1800,53590770
274,2020-04-17,104.85,112.12,102.34,111.85,111.8500,44600796
275,2020-04-09,97.8,108.7,96.26,105.84,105.8400,42571311
276,2020-04-03,95.5,99.4314,89.88,92.39,92.3900,43235650
277,2020-03-27,86.29,100.93,82.07,93.48,93.4800,59485380
278,2020-03-20,94.0,103.155,86.15,86.68,86.6800,77290376
279,2020-03-13,102.72,110.6,94.5,110.15,110.1500,74253350
280,2020-03-06,107.46,115.39,106.53,110.89,110.8900,49720164
281,2020-02-28,114.29,116.79,103.72,107.99,107.9900,66760267
282,2020-02-21,122.58,124.45,118.53,119.49,119.4900,23073589
283,2020-02-14,118.56,123.0,117.8,122.99,122.9900,27864507
284,2020-02-07,114.3,122.19,114.05,118.88,118.8800,31415266
285,2020-01-31,113.63,117.53,112.31,113.89,113.8900,45811416
286,2020-01-24,115.31,119.6,115.11,116.98,116.9800,29472863
287,2020-01-17,113.98,116.7,113.86,116.04,116.0400,36730941
288,2020-01-10,107.57,113.71,107.44,112.93,112.9300,34894522
289,2020-01-03,109.52,111.21,107.2,108.76,108.7600,22369547
290,2019-12-27,109.05,110.18,108.38,109.4,109.4000,13779658
291,2019-12-20,108.4,109.828,107.46,108.75,108.7500,39534519
292,2019-12-13,104.6,107.905,103.26,107.65,107.6500,30161570
293,2019-12-06,107.96,108.49,104.11,104.34,104.3400,36753594
294,2019-11-29,102.38,108.39,102.06,108.01,108.0100,33483455
295,2019-11-22,103.85,106.17,100.72,101.77,101.7700,32727713
296,2019-11-15,101.04,104.48,100.66,104.2,104.2000,28056280
297,2019-11-08,105.72,105.76,99.6,101.42,101.4200,36926601
298,2019-11-01,107.99,108.46,103.26,104.98,104.9800,29276988
299,2019-10-25,102.36,107.49,94.77,107.19,107.1900,71427603
300,2019-10-18,101.59,104.34,100.75,101.22,101.2200,23808141
301,2019-10-11,102.11,103.96,99.25,101.58,101.5800,25616157
302,2019-10-04,102.68,104.6409,98.61,102.79,102.7900,32148692
303,2019-09-27,104.73,106.1,101.1,102.2,102.2000,27335003
304,2019-09-20,106.13,108.01,103.73,104.64,104.6400,31972439
305,2019-09-13,110.62,110.77,101.31,107.0,107.0000,51368856
306,2019-09-06,107.92,111.67,106.46,110.05,110.0500,17754388
307,2019-08-30,107.11,110.97,105.35,109.05,109.0500,19752398
308,2019-08-23,108.0,110.29,105.51,106.04,106.0400,26819110
309,2019-08-16,104.01,106.7,102.21,106.16,106.1600,40384707
310,2019-08-09,103.76,108.14,102.41,104.82,104.8200,42700207
311,2019-08-02,113.5,114.28,105.83,107.09,107.0900,52275419
312,2019-07-26,118.99,121.33,113.23,115.49,115.4900,47076393
313,2019-07-19,120.77,121.48,118.6,118.63,118.6300,21712574
314,2019-07-12,116.34,121.0,115.1401,120.12,120.1200,25142152
315,2019-07-05,116.72,117.72,114.35,117.16,117.1600,16955715
316,2019-06-28,116.51,116.96,113.08,114.46,114.4600,25221653
317,2019-06-21,116.58,119.95,115.22,116.21,116.2100,32669923
318,2019-06-14,115.1,117.45,113.295,116.17,116.1700,23768528
319,2019-06-07,111.09,115.14,103.96,114.02,114.0200,35422177
320,2019-05-31,110.57,113.14,108.74,109.75,109.7500,23519642
321,2019-05-24,111.97,113.96,109.06,109.85,109.8500,22741266
322,2019-05-17,107.6,114.66,106.52,112.8,112.8000,26077205
323,2019-05-10,109.44,111.12,107.2476,110.41,110.4100,23427614
324,2019-05-03,110.7,113.69,108.91,111.96,111.9600,28856714
325,2019-04-26,106.79,110.92,106.02,110.56,110.5600,43168437
326,2019-04-18,108.58,109.0,105.08,107.36,107.3600,23821407
327,2019-04-12,105.66,108.54,104.67,108.48,108.4800,37720036
328,2019-04-05,104.99,105.97,102.65,105.73,105.7300,32347747
329,2019-03-29,100.94,104.7,100.51,103.84,103.8400,25157999
330,2019-03-22,101.21,104.56,99.37,101.27,101.2700,34293832
331,2019-03-15,96.01,101.2599,95.9539,100.73,100.7300,36744450
332,2019-03-08,98.03,98.5,94.51,95.69,95.6900,28152551
333,2019-03-01,96.07,99.45,95.53,98.8,98.8000,30528805
334,2019-02-22,94.45,96.0,93.98,95.98,95.9800,27554723
335,2019-02-15,92.25,96.04,92.15,94.91,94.9100,35190266
336,2019-02-08,89.88,92.35,89.71,91.87,91.8700,33541092
337,2019-02-01,93.3,93.42,86.62,90.01,90.0100,59628424
338,2019-01-25,90.33,94.58,89.09,94.28,94.2800,34900132
339,2019-01-18,89.96,92.35,89.55,91.12,91.1200,47150624
340,2019-01-11,86.42,91.1442,86.02,90.65,90.6500,43856404
341,2019-01-04,84.24,86.91,81.91,86.27,86.2700,36279453
342,2018-12-28,77.48,85.23,76.7,83.26,83.2600,32494699
343,2018-12-21,85.69,87.8,77.69,78.14,78.1400,59437310
344,2018-12-14,83.25,88.71,82.76,85.92,85.9200,43560385
345,2018-12-07,87.29,88.84,81.29,82.77,82.7700,37690806
346,2018-11-30,78.97,86.0,78.86,85.81,85.8100,41759847
347,2018-11-23,84.77,85.19,75.47,77.95,77.9500,37247173
348,2018-11-16,86.17,87.09,83.07,85.06,85.0600,35270177
349,2018-11-09,83.33,89.06,82.25,86.76,86.7600,34601977
350,2018-11-02,84.74,86.104,78.99,83.51,83.5100,50178428
351,2018-10-26,84.86,87.8,82.18,83.37,83.3700,64000103
352,2018-10-19,78.88,86.17,77.22,84.78,84.7800,82524131
353,2018-10-12,82.62,82.89,74.66,79.03,79.0300,78267061
354,2018-10-05,88.13,88.8,82.32,83.18,83.1800,42187908
355,2018-09-28,89.95,90.93,87.6,87.84,87.8400,35110340
356,2018-09-21,90.66,92.0,88.2382,90.62,90.6200,52551047
357,2018-09-14,89.43,93.7,88.56,90.78,90.7800,37654973
358,2018-09-07,91.94,93.44,87.39,88.82,88.8200,29188969
359,2018-08-31,90.68,93.01,89.68,92.33,92.3300,30060449
360,2018-08-24,85.74,90.13,84.9,90.1,90.1000,25472338
361,2018-08-17,87.42,88.5,84.22,85.45,85.4500,33102616
362,2018-08-10,85.19,88.09,84.9,87.01,87.0100,25846829
363,2018-08-03,85.5,86.2,81.3,85.19,85.1900,52667829
364,2018-07-27,87.14,92.35,84.75,85.46,85.4600,66588480
365,2018-07-20,88.26,88.93,86.59,87.47,87.4700,27502470
366,2018-07-13,86.6,89.19,85.07,87.99,87.9900,26582804
367,2018-07-06,82.75,86.0,82.0621,85.94,85.9400,18956753
368,2018-06-29,84.08,84.47,80.16,83.27,83.2700,40688494
369,2018-06-22,84.84,87.55,83.43,85.12,85.1200,36604102
370,2018-06-15,84.45,86.295,83.79,85.31,85.3100,36951757
371,2018-06-08,83.23,85.61,82.31,84.34,84.3400,39593896
372,2018-06-01,80.71,83.46,80.2,83.25,83.2500,27782655
373,2018-05-25,81.61,83.06,79.405,80.96,80.9600,39298275
374,2018-05-18,79.14,81.94,76.93,80.79,80.7900,40301283
375,2018-05-11,74.22,79.39,74.1,79.2,79.2000,41494039
376,2018-05-04,74.0,75.71,70.22,73.99,73.9900,57596900
377,2018-04-27,78.86,79.45,73.635,74.13,74.1300,47585018
378,2018-04-20,77.88,80.89,77.19,78.73,78.7300,31568728
379,2018-04-13,74.6,78.63,74.6,77.27,77.2700,29071653
380,2018-04-06,75.23,77.82,72.52,73.86,73.8600,46729302
381,2018-03-29,77.98,79.9,74.55,75.87,75.8700,41922919
382,2018-03-23,80.89,82.35,76.35,76.44,76.4400,41211287
383,2018-03-16,80.75,83.99,79.27,82.16,82.1600,42607168
384,2018-03-09,78.07,80.85,77.09,80.71,80.7100,32508179
385,2018-03-02,80.0,82.17,76.93,78.87,78.8700,44491841
386,2018-02-23,77.7,79.7,76.465,79.69,79.6900,29013546
387,2018-02-16,75.49,78.75,74.13,78.37,78.3700,45130364
388,2018-02-09,75.95,78.98,71.63,74.75,74.7500,73978811
389,2018-02-02,85.2,86.32,76.28,76.57,76.5700,93506595
390,2018-01-26,84.0,85.49,82.71,85.45,85.4500,39399343
391,2018-01-19,80.95,84.19,79.94,83.84,83.8400,31637942
392,2018-01-12,78.7,80.77,77.7,80.54,80.5400,35348906
393,2018-01-05,74.235,78.93,73.43,78.7,78.7000,37172509
394,2017-12-29,73.29,75.0,72.63,73.62,73.6200,16669984
395,2017-12-22,76.3,76.35,72.9,73.89,73.8900,29556099
396,2017-12-15,72.96,75.87,72.56,75.65,75.6500,37161301
397,2017-12-08,75.59,75.7439,68.61,72.91,72.9100,66968792
398,2017-12-01,78.63,79.385,71.67,75.3,75.3000,69789935
399,2017-11-24,76.6,78.9,75.88,78.57,78.5700,29683778
400,2017-11-17,73.61,78.01,73.185,76.38,76.3800,42134741
401,2017-11-10,73.72,75.45,72.41,73.99,73.9900,38730277
402,2017-11-03,71.45,73.41,70.53,73.39,73.3900,32198461
403,2017-10-27,71.02,72.07,69.55,71.06,71.0600,53130979
404,2017-10-20,69.04,71.73,66.16,70.97,70.9700,73568957
405,2017-10-13,66.2,69.61,65.79,68.66,68.6600,40430210
406,2017-10-06,64.5,66.41,63.69,66.05,66.0500,28176374
407,2017-09-29,65.0,65.0,62.365,64.03,64.0300,38669863
408,2017-09-22,62.62,65.24,62.52,65.08,65.0800,39990372
409,2017-09-15,61.73,63.26,61.58,62.5,62.5000,35701851
410,2017-09-08,61.26,62.13,60.58,61.13,61.1300,20753710
411,2017-09-01,60.31,62.23,59.63,61.46,61.4600,24038455
412,2017-08-25,59.33,61.0,58.755,59.97,59.9700,22294980
413,2017-08-18,58.61,60.7,58.271,59.44,59.4400,30358326
414,2017-08-11,59.18,59.88,57.58,58.04,58.0400,34059349
415,2017-08-04,59.37,59.71,58.32,58.86,58.8600,34966495
416,2017-07-28,58.9,61.3,57.692,59.2,59.2000,60390475
417,2017-07-21,57.53,59.38,57.02,58.67,58.6700,40142422
418,2017-07-14,54.91,58.63,54.33,57.16,57.1600,62466834
419,2017-07-07,54.14,54.75,52.83,53.97,53.9700,26565397
420,2017-06-30,54.44,55.1,52.52,53.67,53.6700,39078328
421,2017-06-23,52.28,54.53,52.11,54.33,54.3300,33378382
422,2017-06-16,52.81,52.9,50.83,51.84,51.8400,53697328
423,2017-06-09,53.77,55.14,52.85,53.4,53.4000,38391059
424,2017-06-02,50.96,53.64,50.86,53.52,53.5200,38687678
425,2017-05-26,49.45,51.39,49.35,51.19,51.1900,35606075
426,2017-05-19,49.31,50.35,48.89,49.39,49.3900,34129399
427,2017-05-12,49.43,49.8,48.81,49.37,49.3700,28236971
428,2017-05-05,47.39,49.44,47.32,49.3,49.3000,54564765
429,2017-04-28,44.09,48.1,43.95,47.72,47.7200,67056757
430,2017-04-21,42.6,44.0,42.6,43.81,43.8100,24604056
431,2017-04-13,43.07,43.55,42.06,42.55,42.5500,18867347
432,2017-04-07,43.2,43.343,42.26,43.04,43.0400,28003717
433,2017-03-31,42.69,43.8,42.58,43.02,43.0200,23067593
434,2017-03-24,43.1,43.61,42.45,43.13,43.1300,33954576
435,2017-03-17,42.87,43.3,41.74,43.08,43.0800,32015549
436,2017-03-10,42.98,43.28,42.45,42.99,42.9900,23135602
437,2017-03-03,42.89,43.04,41.99,43.03,43.0300,26774335
438,2017-02-24,41.93,43.07,41.83,43.07,43.0700,22417316
439,2017-02-17,40.83,42.31,40.74,41.96,41.9600,30718793
440,2017-02-10,39.64,40.995,39.34,40.58,40.5800,36277523
441,2017-02-03,40.17,40.27,39.02,39.59,39.5900,45314341
442,2017-01-27,41.86,42.5,39.92,40.27,40.2700,58445160
443,2017-01-20,41.6,41.72,41.03,41.69,41.6900,22225615
444,2017-01-13,41.49,41.84,40.835,41.6,41.6000,20302297
445,2017-01-06,40.29,41.72,40.0,41.45,41.4500,27072101
446,2016-12-30,39.5,40.17,39.34,39.47,39.4700,14672529
447,2016-12-23,39.4,40.74,39.11,39.58,39.5800,23118428
448,2016-12-16,39.6,40.29,39.12,39.32,39.3200,31724326
449,2016-12-09,38.85,40.0,38.65,39.65,39.6500,28046680
450,2016-12-02,40.26,40.49,38.06,38.62,38.6200,35275695
451,2016-11-25,40.12,41.1,39.85,40.26,40.2600,22496990
452,2016-11-18,40.4,40.57,38.45,40.08,40.0800,65926979
453,2016-11-11,41.52,42.15,39.58,40.08,40.0800,47491473
454,2016-11-04,41.78,42.295,40.3,40.9,40.9000,37287803
455,2016-10-28,44.0,44.52,41.07,41.76,41.7600,60888248
456,2016-10-21,39.24,44.24,39.16,44.15,44.1500,68235260
457,2016-10-14,40.13,40.17,38.75,39.24,39.2400,38145471
458,2016-10-07,40.87,41.3,39.62,39.88,39.8800,30521797
459,2016-09-30,39.38,41.3,39.38,40.97,40.9700,41118241
460,2016-09-23,40.24,40.66,39.6,40.07,40.0700,30441858
461,2016-09-16,37.65,41.14,37.5401,40.7,40.7000,64252573
462,2016-09-09,37.05,39.33,37.02,38.01,38.0100,40019002
463,2016-09-02,37.61,37.65,36.3,37.07,37.0700,35959775
464,2016-08-26,37.93,38.43,37.25,37.65,37.6500,31994769
465,2016-08-19,38.55,38.65,37.88,38.09,38.0900,24971920
466,2016-08-12,38.19,38.63,37.65,38.51,38.5100,29224636
467,2016-08-05,37.43,38.15,36.28,38.1,38.1000,34313688
468,2016-07-29,37.7,38.27,36.86,37.24,37.2400,48038989
469,2016-07-22,39.13,40.45,36.43,37.42,37.4200,76947298
470,2016-07-15,37.45,40.07,37.4,39.09,39.0900,50385070
471,2016-07-08,36.3,37.46,35.715,37.36,37.3600,27298016
472,2016-07-01,34.74,36.67,34.0,36.35,36.3500,49561449
473,2016-06-24,37.28,37.76,34.61,35.08,35.0800,52353968
474,2016-06-17,36.5,37.275,36.25,36.97,36.9700,39643853
475,2016-06-10,38.47,38.49,36.62,36.77,36.7700,38005781
476,2016-06-03,37.96,38.685,37.5,38.33,38.3300,27335082
477,2016-05-27,37.68,39.06,37.39,38.09,38.0900,34958491
478,2016-05-20,39.36,39.66,37.31,37.53,37.5300,60994185
479,2016-05-13,39.42,40.3143,39.17,39.48,39.4800,30654624
480,2016-05-06,39.07,39.7,37.87,39.48,39.4800,37739869
481,2016-04-29,40.27,41.49,38.59,39.18,39.1800,53734387
482,2016-04-22,38.56,40.635,38.43,40.31,40.3100,32045631
483,2016-04-15,38.33,39.12,37.34,38.58,38.5800,30018853
484,2016-04-08,39.36,39.38,37.7,38.41,38.4100,31389044
485,2016-04-01,38.81,40.0399,38.3,39.4,39.4000,32202693
486,2016-03-24,39.41,41.75,37.0,38.92,38.9200,47129982
487,2016-03-18,39.4,40.12,38.57,39.41,39.4100,41598983
488,2016-03-11,38.78,39.53,37.48,39.49,39.4900,33466921
489,2016-03-04,37.47,39.93,37.45,39.04,39.0400,65778095
490,2016-02-26,36.45,37.535,34.86,37.49,37.4900,40787125
491,2016-02-19,34.65,36.91,34.48,35.76,35.7600,39897840
492,2016-02-12,34.0,34.44,31.64,34.3,34.3000,68311768
493,2016-02-05,35.65,37.77,34.82,35.07,35.0700,75667808
494,2016-01-29,31.98,36.26,31.35,36.14,36.1400,70500069
495,2016-01-22,32.76,33.18,30.52,31.69,31.6900,39268214
496,2016-01-15,33.02,33.57,31.62,32.31,32.3100,44784635
497,2016-01-08,35.13,35.56,32.63,32.69,32.6900,50846633
498,2015-12-31,36.7,37.45,36.0508,36.2,36.2000,16955420
499,2015-12-24,35.21,37.68,35.11,37.07,37.0700,21599911
500,2015-12-18,34.61,36.58,34.33,34.98,34.9800,44789213
501,2015-12-11,35.71,35.91,34.42,34.69,34.6900,34979380
502,2015-12-04,35.36,36.17,33.85,35.62,35.6200,47989875
503,2015-11-27,36.5,36.65,34.88,35.18,35.1800,21783404
504,2015-11-20,34.55,36.95,34.53,36.36,36.3600,31987505
505,2015-11-13,36.1,37.32,34.5,34.53,34.5300,79918634
506,2015-11-06,35.58,38.52,35.45,36.24,36.2400,54832634
507,2015-10-30,36.05,36.65,34.5,36.01,36.0100,70237887
508,2015-10-23,34.43,35.75,32.88,34.99,34.9900,38698458
509,2015-10-16,32.19,35.05,32.1,34.29,34.2900,35395391
510,2015-10-09,32.95,33.02,31.09,32.06,32.0600,35725289
511,2015-10-02,33.68,33.68,30.3,32.83,32.8300,50014698
512,2015-09-25,33.66,34.69,33.1899,33.77,33.7700,39791254
513,2015-09-18,33.7,34.06,32.55,32.92,32.9200,51291389
514,2015-09-11,34.81,34.95,32.61,33.55,33.5500,39940051
515,2015-09-04,35.49,35.51,33.41,34.29,34.2900,47188376
516,2015-08-28,31.17,35.46,30.0,35.04,35.0400,87838420
517,2015-08-21,38.3,39.0,33.83,34.25,34.2500,44003771
518,2015-08-14,39.43,39.69,37.01,38.14,38.1400,51684271
519,2015-08-07,39.25,39.91,38.43,39.13,39.1300,51123782
520,2015-07-31,36.78,39.2,36.22,38.7,38.7000,73280039
